model,split,threshold,n,positive_rate,accuracy,balanced_accuracy,macro_f1,positive_f1,positive_precision,positive_recall,tn,fp,fn,tp,pr_auc
majority,validation,,74,0.2972972972972973,0.7027027027027027,0.5,0.4126984126984127,0.0,0.0,0.0,52,0,22,0,0.2972972972972973
majority,test,,58,0.29310344827586204,0.7068965517241379,0.5,0.41414141414141414,0.0,0.0,0.0,41,0,17,0,0.29310344827586204
metadata,validation,0.5,74,0.2972972972972973,0.972972972972973,0.9807692307692308,0.9684569479965899,0.9565217391304348,0.9166666666666666,1.0,50,2,0,22,0.9941460055096418
metadata,test,0.5,58,0.29310344827586204,1.0,1.0,1.0,1.0,1.0,1.0,41,0,0,17,1.0
text,validation,0.35,74,0.2972972972972973,0.972972972972973,0.9807692307692308,0.9684569479965899,0.9565217391304348,0.9166666666666666,1.0,50,2,0,22,0.9878223226049312
text,test,0.35,58,0.29310344827586204,1.0,1.0,1.0,1.0,1.0,1.0,41,0,0,17,1.0
metadata_text,validation,0.35,74,0.2972972972972973,0.972972972972973,0.9807692307692308,0.9684569479965899,0.9565217391304348,0.9166666666666666,1.0,50,2,0,22,0.9941460055096418
metadata_text,test,0.35,58,0.29310344827586204,1.0,1.0,1.0,1.0,1.0,1.0,41,0,0,17,1.0
