{
  "models": [
    {
      "scenario": "original_split",
      "model": "majority",
      "threshold": null,
      "validation": {
        "n": 74,
        "positive_rate": 0.2972972972972973,
        "accuracy": 0.7027027027027027,
        "balanced_accuracy": 0.5,
        "macro_f1": 0.4126984126984127,
        "positive_f1": 0.0,
        "positive_precision": 0.0,
        "positive_recall": 0.0,
        "tn": 52,
        "fp": 0,
        "fn": 22,
        "tp": 0,
        "pr_auc": 0.2972972972972973
      },
      "test": {
        "n": 58,
        "positive_rate": 0.29310344827586204,
        "accuracy": 0.7068965517241379,
        "balanced_accuracy": 0.5,
        "macro_f1": 0.41414141414141414,
        "positive_f1": 0.0,
        "positive_precision": 0.0,
        "positive_recall": 0.0,
        "tn": 41,
        "fp": 0,
        "fn": 17,
        "tp": 0,
        "pr_auc": 0.29310344827586204
      }
    },
    {
      "scenario": "original_split",
      "model": "metadata",
      "threshold": 0.5,
      "validation": {
        "n": 74,
        "positive_rate": 0.2972972972972973,
        "accuracy": 0.972972972972973,
        "balanced_accuracy": 0.9807692307692308,
        "macro_f1": 0.9684569479965899,
        "positive_f1": 0.9565217391304348,
        "positive_precision": 0.9166666666666666,
        "positive_recall": 1.0,
        "tn": 50,
        "fp": 2,
        "fn": 0,
        "tp": 22,
        "pr_auc": 0.9941460055096418
      },
      "test": {
        "n": 58,
        "positive_rate": 0.29310344827586204,
        "accuracy": 1.0,
        "balanced_accuracy": 1.0,
        "macro_f1": 1.0,
        "positive_f1": 1.0,
        "positive_precision": 1.0,
        "positive_recall": 1.0,
        "tn": 41,
        "fp": 0,
        "fn": 0,
        "tp": 17,
        "pr_auc": 1.0
      }
    },
    {
      "scenario": "original_split",
      "model": "text",
      "threshold": 0.35,
      "validation": {
        "n": 74,
        "positive_rate": 0.2972972972972973,
        "accuracy": 0.972972972972973,
        "balanced_accuracy": 0.9807692307692308,
        "macro_f1": 0.9684569479965899,
        "positive_f1": 0.9565217391304348,
        "positive_precision": 0.9166666666666666,
        "positive_recall": 1.0,
        "tn": 50,
        "fp": 2,
        "fn": 0,
        "tp": 22,
        "pr_auc": 0.9878223226049312
      },
      "test": {
        "n": 58,
        "positive_rate": 0.29310344827586204,
        "accuracy": 1.0,
        "balanced_accuracy": 1.0,
        "macro_f1": 1.0,
        "positive_f1": 1.0,
        "positive_precision": 1.0,
        "positive_recall": 1.0,
        "tn": 41,
        "fp": 0,
        "fn": 0,
        "tp": 17,
        "pr_auc": 1.0
      }
    },
    {
      "scenario": "original_split",
      "model": "metadata_text",
      "threshold": 0.35,
      "validation": {
        "n": 74,
        "positive_rate": 0.2972972972972973,
        "accuracy": 0.972972972972973,
        "balanced_accuracy": 0.9807692307692308,
        "macro_f1": 0.9684569479965899,
        "positive_f1": 0.9565217391304348,
        "positive_precision": 0.9166666666666666,
        "positive_recall": 1.0,
        "tn": 50,
        "fp": 2,
        "fn": 0,
        "tp": 22,
        "pr_auc": 0.9941460055096418
      },
      "test": {
        "n": 58,
        "positive_rate": 0.29310344827586204,
        "accuracy": 1.0,
        "balanced_accuracy": 1.0,
        "macro_f1": 1.0,
        "positive_f1": 1.0,
        "positive_precision": 1.0,
        "positive_recall": 1.0,
        "tn": 41,
        "fp": 0,
        "fn": 0,
        "tp": 17,
        "pr_auc": 1.0
      }
    },
    {
      "scenario": "topic_holdout",
      "model": "majority",
      "threshold": null,
      "validation": {
        "n": 66,
        "positive_rate": 0.015151515151515152,
        "accuracy": 0.9848484848484849,
        "balanced_accuracy": 0.5,
        "macro_f1": 0.4961832061068702,
        "positive_f1": 0.0,
        "positive_precision": 0.0,
        "positive_recall": 0.0,
        "tn": 65,
        "fp": 0,
        "fn": 1,
        "tp": 0,
        "pr_auc": 0.015151515151515152
      },
      "test": {
        "n": 64,
        "positive_rate": 0.015625,
        "accuracy": 0.984375,
        "balanced_accuracy": 0.5,
        "macro_f1": 0.49606299212598426,
        "positive_f1": 0.0,
        "positive_precision": 0.0,
        "positive_recall": 0.0,
        "tn": 63,
        "fp": 0,
        "fn": 1,
        "tp": 0,
        "pr_auc": 0.015625
      }
    },
    {
      "scenario": "topic_holdout",
      "model": "metadata",
      "threshold": 0.2,
      "validation": {
        "n": 66,
        "positive_rate": 0.015151515151515152,
        "accuracy": 0.8484848484848485,
        "balanced_accuracy": 0.9230769230769231,
        "macro_f1": 0.5416666666666666,
        "positive_f1": 0.16666666666666666,
        "positive_precision": 0.09090909090909091,
        "positive_recall": 1.0,
        "tn": 55,
        "fp": 10,
        "fn": 0,
        "tp": 1,
        "pr_auc": 0.1
      },
      "test": {
        "n": 64,
        "positive_rate": 0.015625,
        "accuracy": 0.96875,
        "balanced_accuracy": 0.49206349206349204,
        "macro_f1": 0.49206349206349204,
        "positive_f1": 0.0,
        "positive_precision": 0.0,
        "positive_recall": 0.0,
        "tn": 62,
        "fp": 1,
        "fn": 1,
        "tp": 0,
        "pr_auc": 0.019230769230769232
      }
    },
    {
      "scenario": "topic_holdout",
      "model": "text",
      "threshold": 0.55,
      "validation": {
        "n": 66,
        "positive_rate": 0.015151515151515152,
        "accuracy": 1.0,
        "balanced_accuracy": 1.0,
        "macro_f1": 1.0,
        "positive_f1": 1.0,
        "positive_precision": 1.0,
        "positive_recall": 1.0,
        "tn": 65,
        "fp": 0,
        "fn": 0,
        "tp": 1,
        "pr_auc": 1.0
      },
      "test": {
        "n": 64,
        "positive_rate": 0.015625,
        "accuracy": 0.984375,
        "balanced_accuracy": 0.5,
        "macro_f1": 0.49606299212598426,
        "positive_f1": 0.0,
        "positive_precision": 0.0,
        "positive_recall": 0.0,
        "tn": 63,
        "fp": 0,
        "fn": 1,
        "tp": 0,
        "pr_auc": 0.5
      }
    },
    {
      "scenario": "topic_holdout",
      "model": "metadata_text",
      "threshold": 0.25,
      "validation": {
        "n": 66,
        "positive_rate": 0.015151515151515152,
        "accuracy": 0.8636363636363636,
        "balanced_accuracy": 0.9307692307692308,
        "macro_f1": 0.5537190082644629,
        "positive_f1": 0.18181818181818182,
        "positive_precision": 0.1,
        "positive_recall": 1.0,
        "tn": 56,
        "fp": 9,
        "fn": 0,
        "tp": 1,
        "pr_auc": 0.1
      },
      "test": {
        "n": 64,
        "positive_rate": 0.015625,
        "accuracy": 0.96875,
        "balanced_accuracy": 0.49206349206349204,
        "macro_f1": 0.49206349206349204,
        "positive_f1": 0.0,
        "positive_precision": 0.0,
        "positive_recall": 0.0,
        "tn": 62,
        "fp": 1,
        "fn": 1,
        "tp": 0,
        "pr_auc": 0.0196078431372549
      }
    },
    {
      "scenario": "skill_holdout",
      "model": "majority",
      "threshold": null,
      "validation": {
        "n": 64,
        "positive_rate": 0.296875,
        "accuracy": 0.703125,
        "balanced_accuracy": 0.5,
        "macro_f1": 0.41284403669724773,
        "positive_f1": 0.0,
        "positive_precision": 0.0,
        "positive_recall": 0.0,
        "tn": 45,
        "fp": 0,
        "fn": 19,
        "tp": 0,
        "pr_auc": 0.296875
      },
      "test": {
        "n": 64,
        "positive_rate": 0.265625,
        "accuracy": 0.734375,
        "balanced_accuracy": 0.5,
        "macro_f1": 0.42342342342342343,
        "positive_f1": 0.0,
        "positive_precision": 0.0,
        "positive_recall": 0.0,