subject,n,has_image_count,has_image_rate,missing_count,missing_rate
language science,5371,228,0.04245019549432136,5143,0.9575498045056786
natural science,11487,6332,0.5512318272830156,5155,0.44876817271698444
social science,4350,3772,0.8671264367816092,578,0.13287356321839083
