dataset,model,n_queries,n_corpus,mrr,recall_at_1,recall_at_5,recall_at_10
scienceqa,tfidf,198,190,0.9364117364117364,0.8939393939393939,0.9949494949494949,1.0
scienceqa,bm25,198,190,0.9282407407407408,0.8737373737373737,0.9949494949494949,1.0
tqa_ck12,tfidf,200,9,0.8466666666666667,0.695,1.0,1.0
tqa_ck12,bm25,200,9,0.9166666666666669,0.84,1.0,1.0
